[{"model": "admin.logentry", "pk": 1, "fields": {"action_time": "2024-06-07T09:04:03.102Z", "user": 1, "content_type": 12, "object_id": "1", "object_repr": "Сельмаш-56", "action_flag": 1, "change_message": "[{\"added\": {}}]"}}, {"model": "admin.logentry", "pk": 2, "fields": {"action_time": "2024-06-07T09:37:23.505Z", "user": 1, "content_type": 12, "object_id": "2", "object_repr": "Кировский-134-54", "action_flag": 1, "change_message": "[{\"added\": {}}]"}}, {"model": "admin.logentry", "pk": 3, "fields": {"action_time": "2024-06-07T10:40:22.132Z", "user": 1, "content_type": 12, "object_id": "3", "object_repr": "", "action_flag": 3, "change_message": ""}}, {"model": "admin.logentry", "pk": 4, "fields": {"action_time": "2024-06-07T10:40:22.140Z", "user": 1, "content_type": 12, "object_id": "2", "object_repr": "Кировский-134-54", "action_flag": 3, "change_message": ""}}, {"model": "admin.logentry", "pk": 5, "fields": {"action_time": "2024-06-07T10:40:22.146Z", "user": 1, "content_type": 12, "object_id": "1", "object_repr": "Сельмаш-56", "action_flag": 3, "change_message": ""}}, {"model": "admin.logentry", "pk": 6, "fields": {"action_time": "2024-06-07T11:43:46.982Z", "user": 1, "content_type": 13, "object_id": "1", "object_repr": "Сельмаш-56", "action_flag": 1, "change_message": "[{\"added\": {}}]"}}, {"model": "admin.logentry", "pk": 7, "fields": {"action_time": "2024-06-07T11:44:05.976Z", "user": 1, "content_type": 12, "object_id": "1", "object_repr": "Photos object (1)", "action_flag": 1, "change_message": "[{\"added\": {}}]"}}, {"model": "admin.logentry", "pk": 8, "fields": {"action_time": "2024-06-07T11:44:58.452Z", "user": 1, "content_type": 13, "object_id": "2", "object_repr": "Кировский-123-42", "action_flag": 1, "change_message": "[{\"added\": {}}]"}}, {"model": "admin.logentry", "pk": 9, "fields": {"action_time": "2024-06-07T11:45:28.501Z", "user": 1, "content_type": 12, "object_id": "2", "object_repr": "Photos object (2)", "action_flag": 1, "change_message": "[{\"added\": {}}]"}}, {"model": "admin.logentry", "pk": 10, "fields": {"action_time": "2024-06-07T11:45:47.316Z", "user": 1, "content_type": 12, "object_id": "3", "object_repr": "Photos object (3)", "action_flag": 1, "change_message": "[{\"added\": {}}]"}}, {"model": "admin.logentry", "pk": 11, "fields": {"action_time": "2024-06-07T12:23:14.301Z", "user": 1, "content_type": 12, "object_id": "3", "object_repr": "Photos object (3)", "action_flag": 2, "change_message": "[{\"changed\": {\"fields\": [\"Text\"]}}]"}}, {"model": "admin.logentry", "pk": 12, "fields": {"action_time": "2024-06-07T13:05:44.125Z", "user": 1, "content_type": 6, "object_id": "1", "object_repr": "Плиточник", "action_flag": 1, "change_message": "[{\"added\": {}}]"}}, {"model": "admin.logentry", "pk": 13, "fields": {"action_time": "2024-06-07T13:06:09.027Z", "user": 1, "content_type": 7, "object_id": "1", "object_repr": "Колосов Максим", "action_flag": 1, "change_message": "[{\"added\": {}}]"}}, {"model": "admin.logentry", "pk": 14, "fields": {"action_time": "2024-06-07T14:01:43.344Z", "user": 1, "content_type": 12, "object_id": "3", "object_repr": "Photos object (3)", "action_flag": 3, "change_message": ""}}, {"model": "admin.logentry", "pk": 15, "fields": {"action_time": "2024-06-07T14:01:43.351Z", "user": 1, "content_type": 12, "object_id": "2", "object_repr": "Photos object (2)", "action_flag": 3, "change_message": ""}}, {"model": "admin.logentry", "pk": 16, "fields": {"action_time": "2024-06-07T14:01:43.357Z", "user": 1, "content_type": 12, "object_id": "1", "object_repr": "Photos object (1)", "action_flag": 3, "change_message": ""}}, {"model": "admin.logentry", "pk": 17, "fields": {"action_time": "2024-06-08T19:28:19.752Z", "user": 1, "content_type": 10, "object_id": "2", "object_repr": "user1", "action_flag": 2, "change_message": "[{\"changed\": {\"fields\": [\"Tags\"]}}]"}}, {"model": "admin.logentry", "pk": 18, "fields": {"action_time": "2024-06-08T19:30:15.664Z", "user": 1, "content_type": 10, "object_id": "1", "object_repr": "horosho", "action_flag": 2, "change_message": "[{\"changed\": {\"fields\": [\"Tags\"]}}]"}}, {"model": "admin.logentry", "pk": 19, "fields": {"action_time": "2024-06-10T08:26:42.785Z", "user": 1, "content_type": 10, "object_id": "1", "object_repr": "horosho", "action_flag": 2, "change_message": "[{\"changed\": {\"fields\": [\"Slug\"]}}]"}}, {"model": "admin.logentry", "pk": 20, "fields": {"action_time": "2024-06-10T08:26:56.645Z", "user": 1, "content_type": 10, "object_id": "2", "object_repr": "user1", "action_flag": 2, "change_message": "[{\"changed\": {\"fields\": [\"Slug\"]}}]"}}, {"model": "admin.logentry", "pk": 21, "fields": {"action_time": "2024-06-10T11:45:41.252Z", "user": 1, "content_type": 10, "object_id": "2", "object_repr": "user1", "action_flag": 2, "change_message": "[{\"changed\": {\"fields\": [\"\\u041e \\u043c\\u0430\\u0441\\u0442\\u0435\\u0440\\u0435\"]}}]"}}, {"model": "admin.logentry", "pk": 22, "fields": {"action_time": "2024-06-10T15:51:25.064Z", "user": 1, "content_type": 10, "object_id": "2", "object_repr": "user1", "action_flag": 2, "change_message": "[{\"changed\": {\"fields\": [\"\\u0422\\u0435\\u0433\\u0438\"]}}]"}}, {"model": "admin.logentry", "pk": 23, "fields": {"action_time": "2024-06-10T17:04:39.623Z", "user": 1, "content_type": 10, "object_id": "2", "object_repr": "user1", "action_flag": 2, "change_message": "[{\"changed\": {\"fields\": [\"\\u0422\\u0435\\u0433\\u0438\"]}}]"}}, {"model": "admin.logentry", "pk": 24, "fields": {"action_time": "2024-06-10T17:12:56.056Z", "user": 1, "content_type": 10, "object_id": "3", "object_repr": "user2", "action_flag": 1, "change_message": "[{\"added\": {}}]"}}, {"model": "admin.logentry", "pk": 25, "fields": {"action_time": "2024-06-11T12:19:21.254Z", "user": 1, "content_type": 12, "object_id": "4", "object_repr": "Photos object (4)", "action_flag": 1, "change_message": "[{\"added\": {}}]"}}, {"model": "admin.logentry", "pk": 26, "fields": {"action_time": "2024-06-11T12:41:33.851Z", "user": 1, "content_type": 12, "object_id": "5", "object_repr": "Photos object (5)", "action_flag": 1, "change_message": "[{\"added\": {}}]"}}, {"model": "admin.logentry", "pk": 27, "fields": {"action_time": "2024-06-11T12:42:43.526Z", "user": 1, "content_type": 12, "object_id": "5", "object_repr": "Photos object (5)", "action_flag": 2, "change_message": "[{\"changed\": {\"fields\": [\"\\u041e\\u043f\\u0443\\u0431\\u043b\\u0438\\u043a\\u043e\\u0432\\u0430\\u043d\\u043e\"]}}]"}}, {"model": "admin.logentry", "pk": 28, "fields": {"action_time": "2024-06-11T13:10:03.804Z", "user": 1, "content_type": 13, "object_id": "2", "object_repr": "Кировский-123-42", "action_flag": 2, "change_message": "[{\"changed\": {\"fields\": [\"\\u041e\\u043f\\u0443\\u0431\\u043b\\u0438\\u043a\\u043e\\u0432\\u0430\\u043d\\u043e\"]}}]"}}, {"model": "admin.logentry", "pk": 29, "fields": {"action_time": "2024-06-11T13:10:15.195Z", "user": 1, "content_type": 13, "object_id": "2", "object_repr": "Кировский-123-42", "action_flag": 2, "change_message": "[{\"changed\": {\"fields\": [\"\\u041e\\u043f\\u0443\\u0431\\u043b\\u0438\\u043a\\u043e\\u0432\\u0430\\u043d\\u043e\"]}}]"}}, {"model": "admin.logentry", "pk": 30, "fields": {"action_time": "2024-06-11T13:10:15.197Z", "user": 1, "content_type": 13, "object_id": "1", "object_repr": "Сельмаш-56", "action_flag": 2, "change_message": "[{\"changed\": {\"fields\": [\"\\u041e\\u043f\\u0443\\u0431\\u043b\\u0438\\u043a\\u043e\\u0432\\u0430\\u043d\\u043e\"]}}]"}}, {"model": "admin.logentry", "pk": 31, "fields": {"action_time": "2024-06-13T13:20:34.263Z", "user": 1, "content_type": 15, "object_id": "1", "object_repr": "Проверка связи", "action_flag": 1, "change_message": "[{\"added\": {}}]"}}, {"model": "admin.logentry", "pk": 32, "fields": {"action_time": "2024-06-24T11:46:39.742Z", "user": 1, "content_type": 10, "object_id": "4", "object_repr": "user3", "action_flag": 1, "change_message": "[{\"added\": {}}]"}}, {"model": "admin.logentry", "pk": 33, "fields": {"action_time": "2024-06-24T11:47:49.068Z", "user": 1, "content_type": 10, "object_id": "4", "object_repr": "user3", "action_flag": 3, "change_message": ""}}, {"model": "admin.logentry", "pk": 34, "fields": {"action_time": "2024-06-24T11:53:57.485Z", "user": 1, "content_type": 10, "object_id": "5", "object_repr": "user3", "action_flag": 2, "change_message": "[{\"changed\": {\"fields\": [\"Slug\", \"\\u0422\\u0435\\u0433\\u0438\"]}}]"}}, {"model": "admin.logentry", "pk": 35, "fields": {"action_time": "2024-06-24T11:56:25.898Z", "user": 1, "content_type": 10, "object_id": "6", "object_repr": "user4", "action_flag": 2, "change_message": "[{\"changed\": {\"fields\": [\"Slug\", \"\\u0422\\u0435\\u0433\\u0438\", \"\\u0421\\u0442\\u0430\\u0442\\u0443\\u0441 \\u043c\\u0430\\u0441\\u0442\\u0435\\u0440\\u0430\", \"\\u041e \\u043c\\u0430\\u0441\\u0442\\u0435\\u0440\\u0435\"]}}]"}}, {"model": "admin.logentry", "pk": 36, "fields": {"action_time": "2024-06-25T15:33:34.114Z", "user": 1, "content_type": 8, "object_id": "5", "object_repr": "Облицовщик", "action_flag": 1, "change_message": "[{\"added\": {}}]"}}, {"model": "admin.logentry", "pk": 37, "fields": {"action_time": "2024-06-25T15:55:39.654Z", "user": 1, "content_type": 14, "object_id": "6", "object_repr": "Облицовщики", "action_flag": 1, "change_message": "[{\"added\": {}}]"}}, {"model": "admin.logentry", "pk": 38, "fields": {"action_time": "2024-06-26T08:44:41.540Z", "user": 1, "content_type": 10, "object_id": "2", "object_repr": "user1", "action_flag": 2, "change_message": "[{\"changed\": {\"fields\": [\"\\u041d\\u0430\\u0432\\u044b\\u043a\\u0438\"]}}]"}}, {"model": "admin.logentry", "pk": 39, "fields": {"action_time": "2024-06-26T13:28:15.556Z", "user": 1, "content_type": 13, "object_id": "3", "object_repr": "ООО \"Нива\"", "action_flag": 1, "change_message": "[{\"added\": {}}]"}}, {"model": "admin.logentry", "pk": 40, "fields": {"action_time": "2024-06-26T13:29:14.708Z", "user": 1, "content_type": 12, "object_id": "6", "object_repr": "Photos object (6)", "action_flag": 1, "change_message": "[{\"added\": {}}]"}}, {"model": "admin.logentry", "pk": 41, "fields": {"action_time": "2024-06-26T13:37:48.275Z", "user": 1, "content_type": 12, "object_id": "7", "object_repr": "Photos object (7)", "action_flag": 1, "change_message": "[{\"added\": {}}]"}}, {"model": "admin.logentry", "pk": 42, "fields": {"action_time": "2024-06-26T13:38:11.610Z", "user": 1, "content_type": 12, "object_id": "8", "object_repr": "Photos object (8)", "action_flag": 1, "change_message": "[{\"added\": {}}]"}}, {"model": "admin.logentry", "pk": 43, "fields": {"action_time": "2024-06-26T13:38:25.212Z", "user": 1, "content_type": 12, "object_id": "8", "object_repr": "Photos object (8)", "action_flag": 3, "change_message": ""}}, {"model": "admin.logentry", "pk": 44, "fields": {"action_time": "2024-06-26T13:39:47.561Z", "user": 1, "content_type": 12, "object_id": "9", "object_repr": "Photos object (9)", "action_flag": 1, "change_message": "[{\"added\": {}}]"}}, {"model": "admin.logentry", "pk": 45, "fields": {"action_time": "2024-06-26T13:40:00.368Z", "user": 1, "content_type": 12, "object_id": "9", "object_repr": "Photos object (9)", "action_flag": 2, "change_message": "[{\"changed\": {\"fields\": [\"\\u041e\\u043f\\u0443\\u0431\\u043b\\u0438\\u043a\\u043e\\u0432\\u0430\\u043d\\u043e\"]}}]"}}, {"model": "admin.logentry", "pk": 46, "fields": {"action_time": "2024-06-26T13:40:00.371Z", "user": 1, "content_type": 12, "object_id": "7", "object_repr": "Photos object (7)", "action_flag": 2, "change_message": "[{\"changed\": {\"fields\": [\"\\u041e\\u043f\\u0443\\u0431\\u043b\\u0438\\u043a\\u043e\\u0432\\u0430\\u043d\\u043e\"]}}]"}}, {"model": "admin.logentry", "pk": 47, "fields": {"action_time": "2024-06-26T13:40:00.373Z", "user": 1, "content_type": 12, "object_id": "6", "object_repr": "Photos object (6)", "action_flag": 2, "change_message": "[{\"changed\": {\"fields\": [\"\\u041e\\u043f\\u0443\\u0431\\u043b\\u0438\\u043a\\u043e\\u0432\\u0430\\u043d\\u043e\"]}}]"}}, {"model": "admin.logentry", "pk": 48, "fields": {"action_time": "2024-06-26T13:40:07.093Z", "user": 1, "content_type": 13, "object_id": "3", "object_repr": "ООО \"Нива\"", "action_flag": 2, "change_message": "[{\"changed\": {\"fields\": [\"\\u041e\\u043f\\u0443\\u0431\\u043b\\u0438\\u043a\\u043e\\u0432\\u0430\\u043d\\u043e\"]}}]"}}, {"model": "admin.logentry", "pk": 49, "fields": {"action_time": "2024-06-26T14:37:00.087Z", "user": 1, "content_type": 13, "object_id": "2", "object_repr": "Кировский-123-42", "action_flag": 2, "change_message": "[{\"changed\": {\"fields\": [\"\\u041e\\u043f\\u0443\\u0431\\u043b\\u0438\\u043a\\u043e\\u0432\\u0430\\u043d\\u043e\"]}}]"}}, {"model": "admin.logentry", "pk": 50, "fields": {"action_time": "2024-06-26T14:58:45.618Z", "user": 1, "content_type": 13, "object_id": "2", "object_repr": "Кировский-123-42", "action_flag": 2, "change_message": "[{\"changed\": {\"fields\": [\"\\u041e\\u043f\\u0443\\u0431\\u043b\\u0438\\u043a\\u043e\\u0432\\u0430\\u043d\\u043e\"]}}]"}}, {"model": "admin.logentry", "pk": 51, "fields": {"action_time": "2024-06-26T14:58:45.619Z", "user": 1, "content_type": 13, "object_id": "1", "object_repr": "Сельмаш-56", "action_flag": 2, "change_message": "[{\"changed\": {\"fields\": [\"\\u041e\\u043f\\u0443\\u0431\\u043b\\u0438\\u043a\\u043e\\u0432\\u0430\\u043d\\u043e\"]}}]"}}, {"model": "admin.logentry", "pk": 52, "fields": {"action_time": "2024-06-27T07:09:57.049Z", "user": 1, "content_type": 12, "object_id": "10", "object_repr": "Photos object (10)", "action_flag": 1, "change_message": "[{\"added\": {}}]"}}, {"model": "admin.logentry", "pk": 53, "fields": {"action_time": "2024-06-27T07:10:38.553Z", "user": 1, "content_type": 12, "object_id": "11", "object_repr": "Photos object (11)", "action_flag": 1, "change_message": "[{\"added\": {}}]"}}, {"model": "admin.logentry", "pk": 54, "fields": {"action_time": "2024-06-27T07:10:42.348Z", "user": 1, "content_type": 12, "object_id": "11", "object_repr": "Photos object (11)", "action_flag": 2, "change_message": "[{\"changed\": {\"fields\": [\"\\u041e\\u043f\\u0443\\u0431\\u043b\\u0438\\u043a\\u043e\\u0432\\u0430\\u043d\\u043e\"]}}]"}}, {"model": "admin.logentry", "pk": 55, "fields": {"action_time": "2024-06-27T08:51:42.386Z", "user": 1, "content_type": 13, "object_id": "1", "object_repr": "Сельмаш-56", "action_flag": 2, "change_message": "[{\"added\": {\"name\": \"\\u0424\\u043e\\u0442\\u043e \\u043e\\u0431\\u044a\\u0435\\u043a\\u0442\\u0430\", \"object\": \"Photos object (12)\"}}, {\"added\": {\"name\": \"\\u0424\\u043e\\u0442\\u043e \\u043e\\u0431\\u044a\\u0435\\u043a\\u0442\\u0430\", \"object\": \"Photos object (13)\"}}, {\"added\": {\"name\": \"\\u0424\\u043e\\u0442\\u043e \\u043e\\u0431\\u044a\\u0435\\u043a\\u0442\\u0430\", \"object\": \"Photos object (14)\"}}, {\"added\": {\"name\": \"\\u0424\\u043e\\u0442\\u043e \\u043e\\u0431\\u044a\\u0435\\u043a\\u0442\\u0430\", \"object\": \"Photos object (15)\"}}, {\"added\": {\"name\": \"\\u0424\\u043e\\u0442\\u043e \\u043e\\u0431\\u044a\\u0435\\u043a\\u0442\\u0430\", \"object\": \"Photos object (16)\"}}]"}}, {"model": "admin.logentry", "pk": 56, "fields": {"action_time": "2024-06-27T08:52:18.749Z", "user": 1, "content_type": 13, "object_id": "1", "object_repr": "Сельмаш-56", "action_flag": 2, "change_message": "[{\"changed\": {\"name\": \"\\u0424\\u043e\\u0442\\u043e \\u043e\\u0431\\u044a\\u0435\\u043a\\u0442\\u0430\", \"object\": \"Photos object (12)\", \"fields\": [\"\\u041e\\u043f\\u0443\\u0431\\u043b\\u0438\\u043a\\u043e\\u0432\\u0430\\u043d\\u043e\"]}}, {\"changed\": {\"name\": \"\\u0424\\u043e\\u0442\\u043e \\u043e\\u0431\\u044a\\u0435\\u043a\\u0442\\u0430\", \"object\": \"Photos object (13)\", \"fields\": [\"\\u041e\\u043f\\u0443\\u0431\\u043b\\u0438\\u043a\\u043e\\u0432\\u0430\\u043d\\u043e\"]}}, {\"changed\": {\"name\": \"\\u0424\\u043e\\u0442\\u043e \\u043e\\u0431\\u044a\\u0435\\u043a\\u0442\\u0430\", \"object\": \"Photos object (14)\", \"fields\": [\"\\u041e\\u043f\\u0443\\u0431\\u043b\\u0438\\u043a\\u043e\\u0432\\u0430\\u043d\\u043e\"]}}, {\"changed\": {\"name\": \"\\u0424\\u043e\\u0442\\u043e \\u043e\\u0431\\u044a\\u0435\\u043a\\u0442\\u0430\", \"object\": \"Photos object (15)\", \"fields\": [\"\\u041e\\u043f\\u0443\\u0431\\u043b\\u0438\\u043a\\u043e\\u0432\\u0430\\u043d\\u043e\"]}}, {\"changed\": {\"name\": \"\\u0424\\u043e\\u0442\\u043e \\u043e\\u0431\\u044a\\u0435\\u043a\\u0442\\u0430\", \"object\": \"Photos object (16)\", \"fields\": [\"\\u041e\\u043f\\u0443\\u0431\\u043b\\u0438\\u043a\\u043e\\u0432\\u0430\\u043d\\u043e\"]}}]"}}, {"model": "admin.logentry", "pk": 57, "fields": {"action_time": "2024-06-28T11:16:16.400Z", "user": 1, "content_type": 13, "object_id": "2", "object_repr": "Кировский-123-42", "action_flag": 2, "change_message": "[{\"added\": {\"name\": \"\\u0424\\u043e\\u0442\\u043e \\u043e\\u0431\\u044a\\u0435\\u043a\\u0442\\u0430\", \"object\": \"Photos object (17)\"}}, {\"added\": {\"name\": \"\\u0424\\u043e\\u0442\\u043e \\u043e\\u0431\\u044a\\u0435\\u043a\\u0442\\u0430\", \"object\": \"Photos object (18)\"}}, {\"added\": {\"name\": \"\\u0424\\u043e\\u0442\\u043e \\u043e\\u0431\\u044a\\u0435\\u043a\\u0442\\u0430\", \"object\": \"Photos object (19)\"}}, {\"added\": {\"name\": \"\\u0424\\u043e\\u0442\\u043e \\u043e\\u0431\\u044a\\u0435\\u043a\\u0442\\u0430\", \"object\": \"Photos object (20)\"}}]"}}, {"model": "admin.logentry", "pk": 58, "fields": {"action_time": "2024-07-01T15:04:36.606Z", "user": 1, "content_type": 10, "object_id": "1", "object_repr": "horosho", "action_flag": 2, "change_message": "[{\"changed\": {\"fields\": [\"Tags\"]}}]"}}, {"model": "admin.logentry", "pk": 59, "fields": {"action_time": "2024-07-01T16:27:19.064Z", "user": 1, "content_type": 8, "object_id": "6", "object_repr": "tegg1", "action_flag": 2, "change_message": "[{\"changed\": {\"fields\": [\"Name\", \"Slug\"]}}]"}}, {"model": "admin.logentry", "pk": 60, "fields": {"action_time": "2024-07-01T16:35:53.609Z", "user": 1, "content_type": 10, "object_id": "5", "object_repr": "user3", "action_flag": 2, "change_message": "[{\"changed\": {\"fields\": [\"Tags\"]}}]"}}, {"model": "admin.logentry", "pk": 61, "fields": {"action_time": "2024-07-01T18:34:33.281Z", "user": 1, "content_type": 8, "object_id": "3", "object_repr": "маляр", "action_flag": 2, "change_message": "[{\"changed\": {\"fields\": [\"Slug\"]}}]"}}, {"model": "admin.logentry", "pk": 62, "fields": {"action_time": "2024-07-01T18:34:47.539Z", "user": 1, "content_type": 8, "object_id": "2", "object_repr": "плиточник", "action_flag": 2, "change_message": "[{\"changed\": {\"fields\": [\"Slug\"]}}]"}}, {"model": "admin.logentry", "pk": 63, "fields": {"action_time": "2024-07-01T18:35:40.668Z", "user": 1, "content_type": 8, "object_id": "4", "object_repr": "электрик", "action_flag": 2, "change_message": "[{\"changed\": {\"fields\": [\"Slug\"]}}]"}}, {"model": "admin.logentry", "pk": 64, "fields": {"action_time": "2024-07-01T20:17:12.918Z", "user": 1, "content_type": 10, "object_id": "1", "object_repr": "horosho", "action_flag": 2, "change_message": "[{\"changed\": {\"fields\": [\"\\u041d\\u0430\\u0432\\u044b\\u043a\\u0438\"]}}]"}}, {"model": "admin.logentry", "pk": 65, "fields": {"action_time": "2024-07-04T06:48:57.983Z", "user": 1, "content_type": 15, "object_id": "8", "object_repr": "Women.objects.order_by('title')\r\nКоманды NGINX\r\nnginx -v \t- проверить версию \r\nnginx -V или sudo nginx -T\t- просмотреть версию и настройки параметров\r\nsudo systemctl start nginx \t- запустить службу Ng", "action_flag": 2, "change_message": "[{\"changed\": {\"fields\": [\"\\u0421\\u0442\\u0430\\u0442\\u0443\\u0441\"]}}]"}}, {"model": "admin.logentry", "pk": 66, "fields": {"action_time": "2024-07-04T11:42:55.410Z", "user": 1, "content_type": 13, "object_id": "3", "object_repr": "ООО \"Нива\"", "action_flag": 2, "change_message": "[{\"added\": {\"name\": \"\\u0424\\u043e\\u0442\\u043e \\u043e\\u0431\\u044a\\u0435\\u043a\\u0442\\u0430\", \"object\": \"Photos object (21)\"}}, {\"added\": {\"name\": \"\\u0424\\u043e\\u0442\\u043e \\u043e\\u0431\\u044a\\u0435\\u043a\\u0442\\u0430\", \"object\": \"Photos object (22)\"}}]"}}, {"model": "admin.logentry", "pk": 67, "fields": {"action_time": "2024-07-04T12:59:26.376Z", "user": 1, "content_type": 12, "object_id": "23", "object_repr": "Photos object (23)", "action_flag": 1, "change_message": "[{\"added\": {}}]"}}, {"model": "admin.logentry", "pk": 68, "fields": {"action_time": "2024-07-04T12:59:40.301Z", "user": 1, "content_type": 12, "object_id": "24", "object_repr": "Photos object (24)", "action_flag": 1, "change_message": "[{\"added\": {}}]"}}, {"model": "admin.logentry", "pk": 69, "fields": {"action_time": "2024-07-04T13:00:15.450Z", "user": 1, "content_type": 13, "object_id": "1", "object_repr": "Сельмаш-56", "action_flag": 2, "change_message": "[{\"changed\": {\"name\": \"\\u0424\\u043e\\u0442\\u043e \\u043e\\u0431\\u044a\\u0435\\u043a\\u0442\\u0430\", \"object\": \"Photos object (12)\", \"fields\": [\"\\u041e\\u043f\\u0443\\u0431\\u043b\\u0438\\u043a\\u043e\\u0432\\u0430\\u043d\\u043e\"]}}, {\"changed\": {\"name\": \"\\u0424\\u043e\\u0442\\u043e \\u043e\\u0431\\u044a\\u0435\\u043a\\u0442\\u0430\", \"object\": \"Photos object (13)\", \"fields\": [\"\\u041e\\u043f\\u0443\\u0431\\u043b\\u0438\\u043a\\u043e\\u0432\\u0430\\u043d\\u043e\"]}}]"}}, {"model": "admin.logentry", "pk": 70, "fields": {"action_time": "2024-07-07T12:15:10.722Z", "user": 1, "content_type": 15, "object_id": "17", "object_repr": "Добрый день! \r\nВсе получилось.\r\n\r\nСделано в сроки, экономно, аккуратно.", "action_flag": 2, "change_message": "[{\"changed\": {\"fields\": [\"\\u0421\\u0442\\u0430\\u0442\\u0443\\u0441\"]}}]"}}, {"model": "admin.logentry", "pk": 71, "fields": {"action_time": "2024-07-07T12:15:10.729Z", "user": 1, "content_type": 15, "object_id": "15", "object_repr": "etetey", "action_flag": 2, "change_message": "[{\"changed\": {\"fields\": [\"\\u0421\\u0442\\u0430\\u0442\\u0443\\u0441\"]}}]"}}, {"model": "admin.logentry", "pk": 72, "fields": {"action_time": "2024-07-07T12:15:10.733Z", "user": 1, "content_type": 15, "object_id": "13", "object_repr": "r23r232352", "action_flag": 2, "change_message": "[{\"changed\": {\"fields\": [\"\\u0421\\u0442\\u0430\\u0442\\u0443\\u0441\"]}}]"}}, {"model": "admin.logentry", "pk": 73, "fields": {"action_time": "2024-07-07T12:15:10.738Z", "user": 1, "content_type": 15, "object_id": "12", "object_repr": "r23r23r23", "action_flag": 2, "change_message": "[{\"changed\": {\"fields\": [\"\\u0421\\u0442\\u0430\\u0442\\u0443\\u0441\"]}}]"}}, {"model": "admin.logentry", "pk": 74, "fields": {"action_time": "2024-07-07T12:15:10.743Z", "user": 1, "content_type": 15, "object_id": "11", "object_repr": "ewfwrfwerf", "action_flag": 2, "change_message": "[{\"changed\": {\"fields\": [\"\\u0421\\u0442\\u0430\\u0442\\u0443\\u0441\"]}}]"}}, {"model": "admin.logentry", "pk": 75, "fields": {"action_time": "2024-07-07T12:15:10.747Z", "user": 1, "content_type": 15, "object_id": "10", "object_repr": "2-я попытка получить подтверждение о приеме отзыва", "action_flag": 2, "change_message": "[{\"changed\": {\"fields\": [\"\\u0421\\u0442\\u0430\\u0442\\u0443\\u0441\"]}}]"}}, {"model": "admin.logentry", "pk": 76, "fields": {"action_time": "2024-07-07T12:15:10.750Z", "user": 1, "content_type": 15, "object_id": "9", "object_repr": "Проверка отзыва на подтверждение о приеме", "action_flag": 2, "change_message": "[{\"changed\": {\"fields\": [\"\\u0421\\u0442\\u0430\\u0442\\u0443\\u0441\"]}}]"}}, {"model": "admin.logentry", "pk": 77, "fields": {"action_time": "2024-07-09T13:52:07.007Z", "user": 1, "content_type": 15, "object_id": "18", "object_repr": "<script>\r\nlet h2 = document.body.firstChild;\r\nh1.outerHTML = \"123\";\r\n</script>", "action_flag": 2, "change_message": "[{\"changed\": {\"fields\": [\"\\u0421\\u0442\\u0430\\u0442\\u0443\\u0441\"]}}]"}}, {"model": "admin.logentry", "pk": 78, "fields": {"action_time": "2024-07-11T17:18:22.087Z", "user": 1, "content_type": 10, "object_id": "2", "object_repr": "user1", "action_flag": 2, "change_message": "[{\"changed\": {\"fields\": [\"\\u0421\\u0442\\u0430\\u0442\\u0443\\u0441 \\u043c\\u0430\\u0441\\u0442\\u0435\\u0440\\u0430\"]}}]"}}, {"model": "admin.logentry", "pk": 79, "fields": {"action_time": "2024-07-12T14:13:22.048Z", "user": 1, "content_type": 10, "object_id": "1", "object_repr": "horosho", "action_flag": 2, "change_message": "[{\"changed\": {\"fields\": [\"\\u0421\\u0442\\u0430\\u0442\\u0443\\u0441 \\u043c\\u0430\\u0441\\u0442\\u0435\\u0440\\u0430\"]}}]"}}, {"model": "admin.logentry", "pk": 80, "fields": {"action_time": "2024-07-15T17:20:49.482Z", "user": 1, "content_type": 10, "object_id": "1", "object_repr": "horosho", "action_flag": 2, "change_message": "[{\"changed\": {\"fields\": [\"\\u041d\\u0430\\u0432\\u044b\\u043a\\u0438\"]}}]"}}, {"model": "admin.logentry", "pk": 81, "fields": {"action_time": "2024-07-15T18:14:24.773Z", "user": 1, "content_type": 10, "object_id": "1", "object_repr": "horosho", "action_flag": 2, "change_message": "[{\"changed\": {\"fields\": [\"\\u041d\\u0430\\u0432\\u044b\\u043a\\u0438\"]}}]"}}, {"model": "admin.logentry", "pk": 82, "fields": {"action_time": "2024-07-17T07:54:03.220Z", "user": 1, "content_type": 15, "object_id": "19", "object_repr": "jhujgygyfyfrtf", "action_flag": 2, "change_message": "[{\"changed\": {\"fields\": [\"\\u0421\\u0442\\u0430\\u0442\\u0443\\u0441\"]}}]"}}, {"model": "admin.logentry", "pk": 83, "fields": {"action_time": "2024-07-17T08:27:56.562Z", "user": 1, "content_type": 15, "object_id": "20", "object_repr": "Вбросы про то, что Дональд Трамп хочет провести мирные переговоры с Россией по Украине, пошли сплошным потоком. Казалось бы, все складывается для Москвы удачно — и удивительный промах снайпера, практи", "action_flag": 2, "change_message": "[{\"changed\": {\"fields\": [\"\\u0421\\u0442\\u0430\\u0442\\u0443\\u0441\"]}}]"}}, {"model": "admin.logentry", "pk": 84, "fields": {"action_time": "2024-07-17T08:28:45.461Z", "user": 1, "content_type": 15, "object_id": "21", "object_repr": "Вбросы про то, что Дональд Трамп хочет провести мирные переговоры с Россией по Украине, пошли сплошным потоком. Казалось бы, все складывается для Москвы удачно — и удивительный промах снайпера, практи", "action_flag": 2, "change_message": "[{\"changed\": {\"fields\": [\"\\u0421\\u0442\\u0430\\u0442\\u0443\\u0441\"]}}]"}}, {"model": "admin.logentry", "pk": 85, "fields": {"action_time": "2024-07-17T08:38:41.346Z", "user": 1, "content_type": 15, "object_id": "22", "object_repr": "Вбросы про то, что Дональд Трамп хочет провести мирные переговоры с Россией по Украине, пошли сплошным потоком. Казалось бы, все складывается для Москвы удачно — и удивительный промах снайпера, практи", "action_flag": 2, "change_message": "[{\"changed\": {\"fields\": [\"\\u0421\\u0442\\u0430\\u0442\\u0443\\u0441\"]}}]"}}, {"model": "admin.logentry", "pk": 86, "fields": {"action_time": "2024-07-17T09:00:11.451Z", "user": 1, "content_type": 15, "object_id": "23", "object_repr": "Удобно найти мастера, замену", "action_flag": 2, "change_message": "[{\"changed\": {\"fields\": [\"\\u0421\\u0442\\u0430\\u0442\\u0443\\u0441\"]}}]"}}, {"model": "sessions.session", "pk": "6l029yde2oldsydqb653hk32jya0popn", "fields": {"session_data": ".eJxVjDsOwjAQBe_iGlmOP1mHkp4zWOv1LgmgWIqTCnF3iJQC2jcz76USbuuYtsZLmoo6q06dfreM9OB5B-WO861qqvO6TFnvij5o09da-Hk53L-DEdv4rW2EDoUEraDxNg5ZXLQmSEEDvu9DF0wGJrBUBrYxuEDSMwA6YvCg3h_kfTfd:1sFDh2:B_smYb4geqRbZXQRg6HZAZVziK5nC3mulrkyL3_wtQU", "expire_date": "2024-06-20T14:02:16.421Z"}}, {"model": "sessions.session", "pk": "cxrjquxzyq6rtsrs599hjly99hkkcx7d", "fields": {"session_data": ".eJxVjEEOwiAQRe_C2hCYgQIu3fcMZBhQqoYmpV0Z765NutDtf-_9l4i0rTVuvSxxyuIstDj9bon4UdoO8p3abZY8t3WZktwVedAuxzmX5-Vw_w4q9fqtrYUAjg2jhaGQUZkUe6OviDo4JOaQjA_I6ALYQaHyxvnEJWUA8lm8P7qzNxA:1soFYX:Ssnnw2NY78HCUf84CK37liNPMXJcSkEih2-w5yipmoo", "expire_date": "2024-09-25T05:06:17.801Z"}}, {"model": "sessions.session", "pk": "g96qe4h8xgilo3xa4yoqerr3db4hxhyy", "fields": {"session_data": "e30:1sOzhl:l8fCixjenVuHMU7vtKyXZuZCdfBzT_O4dyccYal1ME4", "expire_date": "2024-07-17T13:07:25.885Z"}}, {"model": "sessions.session", "pk": "k8pfwjlgrm7r7b9z2c6kwlke1avi6o9n", "fields": {"session_data": ".eJxVjDsOwjAQBe_iGlmOP1mHkp4zWOv1LgmgWIqTCnF3iJQC2jcz76USbuuYtsZLmoo6q06dfreM9OB5B-WO861qqvO6TFnvij5o09da-Hk53L-DEdv4rW2EDoUEraDxNg5ZXLQmSEEDvu9DF0wGJrBUBrYxuEDSMwA6YvCg3h_kfTfd:1sU0zP:vCgLJiwxvsZUsfBBR8f5CUPGQUZMRYpplgFIE-9FTfQ", "expire_date": "2024-07-31T09:30:23.940Z"}}, {"model": "sessions.session", "pk": "mnle5v2fz8r3u3k6itvgek78vggteohv", "fields": {"session_data": ".eJxVjDsOwjAQRO_iGlnGX0xJzxms3fWCA8iW4qRC3B1HSgHdaN6beYsE61LS2nlOUxZnEcTht0OgJ9cN5AfUe5PU6jJPKDdF7rTLa8v8uuzu30GBXsZaoSa8eWvJB0MUvHKR0TulIoxos8EMR0WgzXAs4skFJBec4Yg6kvh8AeExN8g:1seuer:jlABxwaG3kNVaEAEoa1YEg6f5Y57BcgjHnd5JLYSHaY", "expire_date": "2024-08-30T10:58:13.547Z"}}, {"model": "sessions.session", "pk": "uwlpxeura3ay6y42wo353l8mmw7n6yl6", "fields": {"session_data": ".eJxVjDsOwjAQBe_iGlmOP1mHkp4zWOv1LgmgWIqTCnF3iJQC2jcz76USbuuYtsZLmoo6q06dfreM9OB5B-WO861qqvO6TFnvij5o09da-Hk53L-DEdv4rW2EDoUEraDxNg5ZXLQmSEEDvu9DF0wGJrBUBrYxuEDSMwA6YvCg3h_kfTfd:1sUld4:nMYvHoXXuJTwb6KBpe0Rf8u1kolTSSTFWwLSJ0QTBJE", "expire_date": "2024-08-02T11:18:26.878Z"}}, {"model": "masters.photos", "pk": 4, "fields": {"contract": 2, "photo": "photos/2024/06/11/6_карнизы.jpg", "text": "Карнизы в гостиной.", "is_published": true}}, {"model": "masters.photos", "pk": 5, "fields": {"contract": 2, "photo": "photos/2024/06/11/6_potolok.jpg", "text": "Готовый потолок в столовой.", "is_published": true}}, {"model": "masters.photos", "pk": 6, "fields": {"contract": 3, "photo": "photos/2024/06/26/whith_istruments.jpg", "text": "", "is_published": true}}, {"model": "masters.photos", "pk": 7, "fields": {"contract": 3, "photo": "photos/2024/06/26/poly.jpg", "text": "", "is_published": true}}, {"model": "masters.photos", "pk": 9, "fields": {"contract": 3, "photo": "photos/2024/06/26/5_oboi1.jpg", "text": "", "is_published": true}}, {"model": "masters.photos", "pk": 10, "fields": {"contract": 3, "photo": "photos/2024/06/27/9_bylo-stalo.jpeg", "text": "", "is_published": true}}, {"model": "masters.photos", "pk": 11, "fields": {"contract": 3, "photo": "photos/2024/06/27/7_wall1.jpeg", "text": "", "is_published": true}}, {"model": "masters.photos", "pk": 12, "fields": {"contract": 1, "photo": "photos/2024/06/27/6_potolok.jpg", "text": "", "is_published": false}}, {"model": "masters.photos", "pk": 13, "fields": {"contract": 1, "photo": "photos/2024/06/27/4_gipsokarton.jpeg", "text": "", "is_published": false}}, {"model": "masters.photos", "pk": 14, "fields": {"contract": 1, "photo": "photos/2024/06/27/8_plintus.jpeg", "text": "", "is_published": true}}, {"model": "masters.photos", "pk": 15, "fields": {"contract": 1, "photo": "photos/2024/06/27/2_start.jpeg", "text": "", "is_published": true}}, {"model": "masters.photos", "pk": 16, "fields": {"contract": 1, "photo": "photos/2024/06/27/1_project.jpeg", "text": "", "is_published": true}}, {"model": "masters.photos", "pk": 17, "fields": {"contract": 2, "photo": "photos/2024/06/28/8_svetilniki.jpg", "text": "12 светильников", "is_published": true}}, {"model": "masters.photos", "pk": 18, "fields": {"contract": 2, "photo": "photos/2024/06/28/5_oboi1.jpg", "text": "Обои", "is_published": true}}, {"model": "masters.photos", "pk": 19, "fields": {"contract": 2, "photo": "photos/2024/06/28/7_comanda1.jpg", "text": "Начали", "is_published": true}}, {"model": "masters.photos", "pk": 20, "fields": {"contract": 2, "photo": "photos/2024/06/28/4_poly2.jpeg", "text": "Полы", "is_published": true}}, {"model": "masters.photos", "pk": 21, "fields": {"contract": 3, "photo": "photos/2024/07/04/3_start.jpeg", "text": "", "is_published": true}}, {"model": "masters.photos", "pk": 22, "fields": {"contract": 3, "photo": "photos/2024/07/04/1_project.jpeg", "text": "", "is_published": true}}, {"model": "masters.photos", "pk": 23, "fields": {"contract": 1, "photo": "photos/2024/07/04/2_start.jpeg", "text": "", "is_published": true}}, {"model": "masters.photos", "pk": 24, "fields": {"contract": 1, "photo": "photos/2024/07/04/9_bylo-stalo.jpeg", "text": "", "is_published": true}}, {"model": "masters.contract", "pk": 1, "fields": {"name": "Сельмаш-56", "slug": "selmash-56", "date_create": "2024-06-07T11:43:46.979Z", "content": "", "is_onsite": true}}, {"model": "masters.contract", "pk": 2, "fields": {"name": "Кировский-123-42", "slug": "kirovskij-123-42", "date_create": "2024-06-07T11:44:58.449Z", "content": "", "is_onsite": true}}, {"model": "masters.contract", "pk": 3, "fields": {"name": "ООО \"Нива\"", "slug": "ooo-niva", "date_create": "2024-06-26T13:28:15.555Z", "content": "электрика, освещение", "is_onsite": true}}, {"model": "taggit.tag", "pk": 2, "fields": {"name": "плиточник", "slug": "plitochnik"}}, {"model": "taggit.tag", "pk": 3, "fields": {"name": "маляр", "slug": "malyar"}}, {"model": "taggit.tag", "pk": 4, "fields": {"name": "электрик", "slug": "electric"}}, {"model": "taggit.tag", "pk": 5, "fields": {"name": "Облицовщик", "slug": "oblicovzchik"}}, {"model": "taggit.tag", "pk": 6, "fields": {"name": "tegg1", "slug": "tegg1"}}, {"model": "taggit.tag", "pk": 7, "fields": {"name": "teg2", "slug": "teg2"}}, {"model": "taggit.tag", "pk": 8, "fields": {"name": "teg3", "slug": "teg3"}}, {"model": "taggit.taggeditem", "pk": 2, "fields": {"tag": 2, "content_type": 10, "object_id": 2}}, {"model": "taggit.taggeditem", "pk": 3, "fields": {"tag": 3, "content_type": 10, "object_id": 2}}, {"model": "taggit.taggeditem", "pk": 6, "fields": {"tag": 6, "content_type": 10, "object_id": 1}}, {"model": "taggit.taggeditem", "pk": 7, "fields": {"tag": 7, "content_type": 10, "object_id": 1}}, {"model": "taggit.taggeditem", "pk": 8, "fields": {"tag": 8, "content_type": 10, "object_id": 5}}, {"model": "taggit.taggeditem", "pk": 9, "fields": {"tag": 6, "content_type": 10, "object_id": 5}}, {"model": "captcha.captchastore", "pk": 306, "fields": {"challenge": "ICRK", "response": "icrk", "hashkey": "2db6b16772b9d282a8dc16716f82688041649f85", "expiration": "2024-07-17T11:22:40.635Z"}}, {"model": "captcha.captchastore", "pk": 307, "fields": {"challenge": "PUYU", "response": "puyu", "hashkey": "db98f9dc2b011f4fc7c203a0ce8cf39afbd95d7c", "expiration": "2024-07-17T12:04:36.246Z"}}, {"model": "captcha.captchastore", "pk": 308, "fields": {"challenge": "KTNJ", "response": "ktnj", "hashkey": "a12cd4a33ca701e0d05def11d48ee7738c99e054", "expiration": "2024-08-06T12:50:28.551Z"}}, {"model": "captcha.captchastore", "pk": 309, "fields": {"challenge": "HCHS", "response": "hchs", "hashkey": "cff818131e55a9f6fadbe5e115963da7b320454c", "expiration": "2024-08-08T17:40:37.595Z"}}, {"model": "captcha.captchastore", "pk": 310, "fields": {"challenge": "IPNZ", "response": "ipnz", "hashkey": "c1d29961be650e7a63e1f7c0606b7b424b542ae5", "expiration": "2024-08-08T17:42:49.978Z"}}, {"model": "captcha.captchastore", "pk": 311, "fields": {"challenge": "LIZJ", "response": "lizj", "hashkey": "eb935b10b699dd5e14727fb7b73c004f7d537f1a", "expiration": "2024-08-08T17:43:08.645Z"}}, {"model": "captcha.captchastore", "pk": 312, "fields": {"challenge": "RDZM", "response": "rdzm", "hashkey": "8c47e7088f499f8fc484ccf7e96c82713e2c8cff", "expiration": "2024-08-08T17:43:18.732Z"}}, {"model": "captcha.captchastore", "pk": 313, "fields": {"challenge": "ZNPO", "response": "znpo", "hashkey": "721c18df248c1d07b26ea52e6de8a05645d06ea6", "expiration": "2024-08-08T17:45:35.376Z"}}, {"model": "captcha.captchastore", "pk": 314, "fields": {"challenge": "PEUL", "response": "peul", "hashkey": "c75f015416c1a0f391fd444b62273f568bd89875", "expiration": "2024-08-08T17:45:50.306Z"}}, {"model": "captcha.captchastore", "pk": 315, "fields": {"challenge": "APTW", "response": "aptw", "hashkey": "d2dad7501dd9e835a1f886a394100dcacc99215e", "expiration": "2024-08-08T17:45:59.324Z"}}, {"model": "captcha.captchastore", "pk": 316, "fields": {"challenge": "XKLN", "response": "xkln", "hashkey": "f5e028d110b75c344416614478661eb28853d415", "expiration": "2024-08-09T11:46:40.326Z"}}, {"model": "captcha.captchastore", "pk": 317, "fields": {"challenge": "MOCY", "response": "mocy", "hashkey": "922f35aa60db0b3f41f8ce1bb4fab144682fe8ab", "expiration": "2024-08-09T11:48:29.136Z"}}, {"model": "captcha.captchastore", "pk": 318, "fields": {"challenge": "LDCA", "response": "ldca", "hashkey": "4bb39985252b721aebcbdc87d2e5df7b8ea79974", "expiration": "2024-08-09T11:48:36.132Z"}}, {"model": "captcha.captchastore", "pk": 319, "fields": {"challenge": "DOGP", "response": "dogp", "hashkey": "1e458c543b8594cf2309f85fcc0e154782d1b1d5", "expiration": "2024-08-09T11:49:03.149Z"}}, {"model": "captcha.captchastore", "pk": 320, "fields": {"challenge": "BHCL", "response": "bhcl", "hashkey": "5504ac0eb5dce94c8052c266a5253304f5c306af", "expiration": "2024-08-09T11:49:50.970Z"}}, {"model": "captcha.captchastore", "pk": 321, "fields": {"challenge": "BWPL", "response": "bwpl", "hashkey": "6e5d5e8cb516d64ff22412687e4434963165721d", "expiration": "2024-08-12T08:56:42.783Z"}}, {"model": "captcha.captchastore", "pk": 322, "fields": {"challenge": "DXOC", "response": "dxoc", "hashkey": "0086ae03bc7b40dd06529bcf04cc50e57b7d6e92", "expiration": "2024-08-12T16:30:59.921Z"}}, {"model": "captcha.captchastore", "pk": 323, "fields": {"challenge": "RGRC", "response": "rgrc", "hashkey": "9a5161371e965c5851807732732cf93ce84c1871", "expiration": "2024-08-13T17:03:23.249Z"}}, {"model": "captcha.captchastore", "pk": 324, "fields": {"challenge": "NLAV", "response": "nlav", "hashkey": "17182f40f086f7a67ee6a44133a2b0c36a1b280e", "expiration": "2024-08-16T11:27:48.082Z"}}, {"model": "captcha.captchastore", "pk": 325, "fields": {"challenge": "XMDV", "response": "xmdv", "hashkey": "1c90804229925b9f5576f669da00f2a5a88b7b8b", "expiration": "2024-08-16T11:28:04.068Z"}}, {"model": "captcha.captchastore", "pk": 326, "fields": {"challenge": "GSDL", "response": "gsdl", "hashkey": "5272e2f9aa335df1f481ef43b2bc0ae6a2a1db61", "expiration": "2024-08-16T11:28:43.652Z"}}, {"model": "captcha.captchastore", "pk": 327, "fields": {"challenge": "NMRS", "response": "nmrs", "hashkey": "f4a6f0555e627f4ba6bfcba7c19aa6b55b0e84c2", "expiration": "2024-09-11T05:11:24.983Z"}}, {"model": "users.user", "pk": 1, "fields": {"password": "pbkdf2_sha256$720000$dHPfeGLhltCnpDTK7ozaeU$rdcKekM9QLqclc49gZ/vKbCK1nV1dIuvqbR7/yWvk58=", "last_login": "2024-09-11T05:06:17.785Z", "is_superuser": true, "username": "horosho", "first_name": "Виктор", "last_name": "Пулков", "email": "ra1085@yandex.ru", "is_staff": true, "is_active": true, "date_joined": "2024-06-06T09:11:41.815Z", "photo": "users/2024/08/16/young-man-working-warehouse-with-boxes.jpg", "slug": "horosho", "date_birth": "1996-07-01T00:00:00Z", "phone_number": "+79994560103", "is_master": true, "content": "Облицовка внешних стен.\r\nСтаж - с 2015 года.\r\nИмеется опыт работы на оборонных объектах.", "groups": [], "user_permissions": [], "tags": [6]}}, {"model": "users.user", "pk": 2, "fields": {"password": "pbkdf2_sha256$720000$bSX1fCYHhYPg9lYj0Plk2e$TY/xaDjjZmNR0kSmAWcwOwi8lAmZi+FZtueTGpZqf4w=", "last_login": "2024-08-16T10:51:38.250Z", "is_superuser": false, "username": "user1", "first_name": "Дмитрий", "last_name": "Воробьев", "email": "user1@mail.ru", "is_staff": false, "is_active": true, "date_joined": "2024-06-06T09:13:36.621Z", "photo": "users/2024/08/16/man-overall-cap-smiling.jpg", "slug": "user1", "date_birth": "1991-09-08T00:00:00Z", "phone_number": "+79185944545", "is_master": true, "content": "ДЕЛАЕМ ТОЛЬКО БОЛЬШИЕ ОБЪЁМЫ, ОТ 100 М², ТОЛЬКО НАПОЛЬНУЮ ПЛИТКУ, ТОЛЬКО КОММЕРЧЕСКИЕ ПОМЕЩЕНИЯ, ПРОСЬБА КВАРТИРЫ, ДОМА, ИЛИ САНУЗЛЫ НЕ ПРЕДЛАГАТЬ. ЛЕСТНИЦЫ ТОЖЕ НЕ ДЕЛАЕМ\r\n\r\n•Возможна укладка по бетону без стяжки. Укладка по трубам.\r\n•Бригада плиточников (4-5 чел), кладём плитку внутри помещений качественно (заполнение клеем под плиткой 100%).\r\n•Большой опыт в работе с Эльдорадо, Мвидео, Магнита", "groups": [], "user_permissions": [], "tags": [3, 2, 4, 5]}}, {"model": "users.user", "pk": 3, "fields": {"password": "pbkdf2_sha256$720000$zyzN6bFXkxpHmLXzbvVhym$wcjSeu7c8GeiggtcVq+SvhuXFmERLIWttVyY2RQdIMs=", "last_login": "2024-07-03T13:57:49.948Z", "is_superuser": false, "username": "user2", "first_name": "", "last_name": "", "email": "user2@mail.ru", "is_staff": false, "is_active": true, "date_joined": "2024-06-10T17:12:56.036Z", "photo": "", "slug": "user2", "date_birth": null, "phone_number": null, "is_master": true, "content": "крашу стены", "groups": [], "user_permissions": [], "tags": [3]}}, {"model": "users.user", "pk": 5, "fields": {"password": "pbkdf2_sha256$720000$7kdjx8GqWGCUmx94GPOlLZ$1ph/1njdFthmR1swUxD4nPn/fefdJfi5ZHpx7NhPRsU=", "last_login": "2024-07-12T17:08:32.580Z", "is_superuser": false, "username": "user3", "first_name": "Михаил", "last_name": "Савченко", "email": "user3@mail.ru", "is_staff": false, "is_active": true, "date_joined": "2024-06-24T11:48:36.788Z", "photo": "", "slug": "user3", "date_birth": "1990-05-01T00:00:00Z", "phone_number": null, "is_master": true, "content": "rwrw", "groups": [], "user_permissions": [], "tags": [1, 5]}}, {"model": "users.user", "pk": 6, "fields": {"password": "pbkdf2_sha256$720000$vGtnDYasriH1hklbJ4sR6I$Fo6/vdsMGseY/ciWB0COv4Vs7ir0cjbosWEj+TNDoAc=", "last_login": "2024-08-16T10:52:48.587Z", "is_superuser": false, "username": "user4", "first_name": "Алексей", "last_name": "Петренко", "email": "user4@mail.ru", "is_staff": false, "is_active": true, "date_joined": "2024-06-24T11:54:28.372Z", "photo": "users/2024/08/16/portrait-smiling-male-carpenter-holding-wooden-plank-pencil.jpg", "slug": "user4", "date_birth": "1995-01-01T00:00:00Z", "phone_number": null, "is_master": true, "content": "Устанавливаю двери. Меняю, ремонтирую замки, изготавливаю ключи.", "groups": [], "user_permissions": [], "tags": [4]}}, {"model": "users.user", "pk": 7, "fields": {"password": "pbkdf2_sha256$720000$aaF3yK2Toi876FqyeZ8w0X$Ok8ZBnXVvlJ7E0ItbMJVHgOeMbjcurYvfRvdT9mXY9E=", "last_login": "2024-08-16T10:58:13.516Z", "is_superuser": false, "username": "user5", "first_name": "Василий", "last_name": "Шубин", "email": "user5@mail.ru", "is_staff": false, "is_active": true, "date_joined": "2024-06-25T09:57:17.971Z", "photo": "users/2024/08/16/SXCmrVU7UOZhB2ia.jpg", "slug": "user5", "date_birth": "1985-09-12T00:00:00Z", "phone_number": "+79570102343", "is_master": true, "content": "Занимаюсь столярными работами с 2016 года, есть свой цех.", "groups": [], "user_permissions": [], "tags": [4]}}, {"model": "users.user", "pk": 8, "fields": {"password": "pbkdf2_sha256$720000$XUtJ2sRwOls2NqoiNTTfbI$h4WC9haRWP791SNIVRdTeTKOd7XPLdoylRFImvSBhq8=", "last_login": null, "is_superuser": false, "username": "user6", "first_name": "Александр", "last_name": "Пушкин", "email": "user6@mail.ru", "is_staff": false, "is_active": true, "date_joined": "2024-06-25T10:03:21.241Z", "photo": "", "slug": "user6", "date_birth": null, "phone_number": null, "is_master": false, "content": null, "groups": [], "user_permissions": [], "tags": []}}, {"model": "users.user", "pk": 9, "fields": {"password": "pbkdf2_sha256$720000$7HtGKzT8Et84EjpIplgNHv$LiPipgJaU7FQbYAnKVvAxoFStjzWc+lAZi2uigHu9sc=", "last_login": "2024-07-17T08:49:00.537Z", "is_superuser": false, "username": "Большой_большой_ник_чтобы_было", "first_name": "Александр", "last_name": "Семенович", "email": "user7@mail.ru", "is_staff": false, "is_active": true, "date_joined": "2024-07-17T08:46:25.113Z", "photo": "", "slug": "bolsho_bolsho_nik_chtoby_bylo", "date_birth": "1944-01-01T00:00:00Z", "phone_number": null, "is_master": true, "content": "Штукатурка как внутри зданий, так и снаружи.\r\nРаботаю и в праздничные/выходные дни по договоренной оплате.\r\nИнструменты все с собой", "groups": [], "user_permissions": [], "tags": [5]}}, {"model": "users.tagmaster", "pk": 1, "fields": {"tag": "Плиточники", "slug": "plitochniki"}}, {"model": "users.tagmaster", "pk": 2, "fields": {"tag": "Сантехники", "slug": "santehcniki"}}, {"model": "users.tagmaster", "pk": 3, "fields": {"tag": "Маляры", "slug": "malyary"}}, {"model": "users.tagmaster", "pk": 4, "fields": {"tag": "Столяры", "slug": "stolyary"}}, {"model": "users.tagmaster", "pk": 5, "fields": {"tag": "Штукатуры", "slug": "shtukatury"}}, {"model": "users.tagmaster", "pk": 6, "fields": {"tag": "Облицовщики", "slug": "oblicovshiki"}}, {"model": "comments.comment", "pk": 1, "fields": {"author": 2, "comment": "Проверка связи", "published": false, "date_create": "2024-06-13T13:20:34.261Z"}}, {"model": "comments.comment", "pk": 2, "fields": {"author": 1, "comment": "dgdfgdhgd", "published": false, "date_create": "2024-06-13T15:00:57.493Z"}}, {"model": "comments.comment", "pk": 3, "fields": {"author": 1, "comment": "fghdhryrhd", "published": false, "date_create": "2024-06-13T15:11:33.840Z"}}, {"model": "comments.comment", "pk": 4, "fields": {"author": 1, "comment": "Ну наконец-то!!!\r\n\r\n\r\nеееее", "published": false, "date_create": "2024-06-13T15:11:55.649Z"}}, {"model": "comments.comment", "pk": 5, "fields": {"author": 1, "comment": "пврв", "published": false, "date_create": "2024-06-13T16:17:57.223Z"}}, {"model": "comments.comment", "pk": 6, "fields": {"author": 1, "comment": "Убрала реквест", "published": false, "date_create": "2024-06-13T16:18:36.288Z"}}, {"model": "comments.comment", "pk": 7, "fields": {"author": 1, "comment": "Отзыв оставлен - проврка КЕМ", "published": false, "date_create": "2024-06-25T08:59:15.243Z"}}, {"model": "comments.comment", "pk": 8, "fields": {"author": 1, "comment": "Women.objects.order_by('title')\r\nКоманды NGINX\r\nnginx -v \t- проверить версию \r\nnginx -V или sudo nginx -T\t- просмотреть версию и настройки параметров\r\nsudo systemctl start nginx \t- запустить службу Nginx (команда только временно запускает службу Nginx)\r\nsudo systemctl enable nginx\t- запускать Nginx автоматический при загрузке системы\r\nsudo systemctl restart nginx\t- перезапуск\r\nsudo systemctl stop nginx\t- остановить службу Nginx\r\nsudo systemctl status nginx\t- провер", "published": true, "date_create": "2024-07-02T10:13:56.095Z"}}, {"model": "comments.comment", "pk": 9, "fields": {"author": 5, "comment": "Проверка отзыва на подтверждение о приеме", "published": true, "date_create": "2024-07-04T10:03:24.008Z"}}, {"model": "comments.comment", "pk": 10, "fields": {"author": 5, "comment": "2-я попытка получить подтверждение о приеме отзыва", "published": true, "date_create": "2024-07-04T10:05:14.729Z"}}, {"model": "comments.comment", "pk": 11, "fields": {"author": 5, "comment": "ewfwrfwerf", "published": true, "date_create": "2024-07-04T10:12:56.483Z"}}, {"model": "comments.comment", "pk": 12, "fields": {"author": 5, "comment": "r23r23r23", "published": true, "date_create": "2024-07-04T10:19:00.302Z"}}, {"model": "comments.comment", "pk": 13, "fields": {"author": 5, "comment": "r23r232352", "published": true, "date_create": "2024-07-04T10:21:52.879Z"}}, {"model": "comments.comment", "pk": 14, "fields": {"author": 5, "comment": "ewfewrwer", "published": false, "date_create": "2024-07-04T10:23:04.065Z"}}, {"model": "comments.comment", "pk": 15, "fields": {"author": 5, "comment": "etetey", "published": true, "date_create": "2024-07-04T10:24:08.772Z"}}, {"model": "comments.comment", "pk": 16, "fields": {"author": 5, "comment": "Вот и получилось оформить подтверждение", "published": false, "date_create": "2024-07-04T10:25:16.400Z"}}, {"model": "comments.comment", "pk": 17, "fields": {"author": 5, "comment": "Добрый день! \r\nВсе получилось.\r\n\r\nСделано в сроки, экономно, аккуратно.", "published": true, "date_create": "2024-07-04T10:42:44.583Z"}}, {"model": "comments.comment", "pk": 18, "fields": {"author": 1, "comment": "<script>\r\nlet h2 = document.body.firstChild;\r\nh1.outerHTML = \"123\";\r\n</script>", "published": true, "date_create": "2024-07-09T13:51:45.587Z"}}, {"model": "comments.comment", "pk": 19, "fields": {"author": 1, "comment": "jhujgygyfyfrtf", "published": true, "date_create": "2024-07-17T07:53:32.243Z"}}, {"model": "comments.comment", "pk": 20, "fields": {"author": 1, "comment": "Вбросы про то, что Дональд Трамп хочет провести мирные переговоры с Россией по Украине, пошли сплошным потоком. Казалось бы, все складывается для Москвы удачно — и удивительный промах снайпера, практически обеспечивший экс-президенту победу на выборах, и его выбор в вице-президенты Джея Ди Вэнса, категорически настроенного против Украины вообще и против Зеленского лично. А тут еще идея о мирных переговорах. Но не слишком ли все идиллично?\r\nВо-первых, надо понимать, что Дональду Трампуглубоко нап", "published": true, "date_create": "2024-07-17T08:27:38.835Z"}}, {"model": "comments.comment", "pk": 21, "fields": {"author": 1, "comment": "Вбросы про то, что Дональд Трамп хочет провести мирные переговоры с Россией по Украине, пошли сплошным потоком. Казалось бы, все складывается для Москвы удачно — и удивительный промах снайпера, практически обеспечивший экс-президенту победу на выборах, и его выбор в вице-президенты Джея Ди Вэнса, категорически настроенного против Украины вообще и против Зеленского лично. А тут еще идея о мирных переговорах. Но не слишком ли все идиллично?\r\nВо-первых, надо понимать, что Дональду Трампу глубоко на", "published": true, "date_create": "2024-07-17T08:28:26.965Z"}}, {"model": "comments.comment", "pk": 22, "fields": {"author": 1, "comment": "Вбросы про то, что Дональд Трамп хочет провести мирные переговоры с Россией по Украине, пошли сплошным потоком. Казалось бы, все складывается для Москвы удачно — и удивительный промах снайпера, практически обеспечивший экс-президенту победу на выборах, и его выбор в вице-президенты Джея Ди Вэнса, категорически настроенного против Украины вообще и против Зеленского лично. А тут еще идея о мирных переговорах. Но не слишком ли все идиллично?\r\nВо-первых, надо понимать, что Дональду Трампу глубоко на", "published": true, "date_create": "2024-07-17T08:38:22.737Z"}}, {"model": "comments.comment", "pk": 23, "fields": {"author": 9, "comment": "Удобно найти мастера, замену", "published": true, "date_create": "2024-07-17T08:59:38.765Z"}}, {"model": "comments.comment", "pk": 24, "fields": {"author": 1, "comment": "kfjkfhwejfhwejf", "published": false, "date_create": "2024-07-17T10:42:29.219Z"}}, {"model": "comments.comment", "pk": 25, "fields": {"author": 1, "comment": "efgvehgjwehfw", "published": false, "date_create": "2024-07-17T10:43:25.223Z"}}, {"model": "comments.comment", "pk": 26, "fields": {"author": 1, "comment": "rgfergergerg", "published": false, "date_create": "2024-07-17T10:52:26.117Z"}}, {"model": "comments.comment", "pk": 27, "fields": {"author": 1, "comment": "опроупу", "published": false, "date_create": "2024-07-17T10:56:14.177Z"}}, {"model": "comments.comment", "pk": 28, "fields": {"author": 1, "comment": "jrfhghegbeh оиапоупиоукпиоуи", "published": false, "date_create": "2024-07-17T11:04:26.770Z"}}, {"model": "comments.comment", "pk": 29, "fields": {"author": 1, "comment": "jfejrgber hj\r\ng,ergnerjgh gfreb767t   ;/", "published": false, "date_create": "2024-07-17T11:04:54.561Z"}}, {"model": "comments.comment", "pk": 30, "fields": {"author": 1, "comment": "uuerueyrt\r\nrgeryery\r\n4534\r\nоураоурауор", "published": false, "date_create": "2024-07-17T11:06:55.563Z"}}, {"model": "comments.comment", "pk": 31, "fields": {"author": 1, "comment": "jfhegeGGGGGFG 9887 ;\r\nфеечка", "published": false, "date_create": "2024-07-17T11:15:28.061Z"}}, {"model": "comments.contactus", "pk": 1, "fields": {"subject": "Добавить категорию мастера", "email": "user1@mail.ru", "text_mes": "Прошу добавить категорию вывоз мусора", "time_create": "2024-06-26T06:40:15.733Z", "user": 1}}, {"model": "comments.contactus", "pk": 2, "fields": {"subject": "Проверка всплывающего сообщения", "email": "user4@mail.ru", "text_mes": "Отвечать не надо", "time_create": "2024-06-26T06:49:25.633Z", "user": 1}}, {"model": "comments.contactus", "pk": 3, "fields": {"subject": "Еще одна провекра", "email": "user5@mail.ru", "text_mes": "Проверка стиля подтверждения", "time_create": "2024-06-26T06:52:02.397Z", "user": 1}}, {"model": "comments.contactus", "pk": 4, "fields": {"subject": "уцкк", "email": "user6@mail.ru", "text_mes": "цуеуеу", "time_create": "2024-06-26T06:52:19.091Z", "user": 1}}, {"model": "comments.contactus", "pk": 5, "fields": {"subject": "Зачем капча?", "email": "user1@mail.ru", "text_mes": "Уберите Капчу!", "time_create": "2024-06-26T11:31:07.079Z", "user": 1}}, {"model": "comments.contactus", "pk": 6, "fields": {"subject": "Проверка sucsess", "email": "user1@mail.ru", "text_mes": "ewrfrwer", "time_create": "2024-07-04T10:14:40.064Z", "user": 5}}, {"model": "comments.contactus", "pk": 7, "fields": {"subject": "erw4t5", "email": "user5@mail.ru", "text_mes": "eteteyt", "time_create": "2024-07-04T10:16:33.283Z", "user": 5}}, {"model": "comments.contactus", "pk": 8, "fields": {"subject": "4t345", "email": "user5@mail.ru", "text_mes": "4t34654353", "time_create": "2024-07-04T10:16:59.874Z", "user": 5}}, {"model": "comments.contactus", "pk": 9, "fields": {"subject": "rw3", "email": "user4@mail.ru", "text_mes": "wetwtwet", "time_create": "2024-07-04T10:17:48.914Z", "user": 5}}, {"model": "comments.contactus", "pk": 10, "fields": {"subject": "werwr", "email": "user5@mail.ru", "text_mes": "werwrwer", "time_create": "2024-07-04T10:18:27.902Z", "user": 5}}, {"model": "comments.contactus", "pk": 11, "fields": {"subject": "egerye5ye", "email": "45656@mail.ru", "text_mes": "teyeye5", "time_create": "2024-07-07T11:52:20.816Z", "user": 1}}, {"model": "comments.contactus", "pk": 12, "fields": {"subject": "Проверка стиля", "email": "user4@mail.ru", "text_mes": "Просто проверка", "time_create": "2024-07-17T06:23:36.115Z", "user": 1}}, {"model": "comments.contactus", "pk": 13, "fields": {"subject": "Еще одна провекра", "email": "user1@mail.ru", "text_mes": "fewefwef", "time_create": "2024-07-17T09:09:56.342Z", "user": 1}}, {"model": "comments.contactus", "pk": 14, "fields": {"subject": "Еще одна провекра yf gecnjt", "email": "user3@mail.ru", "text_mes": "erwrwr", "time_create": "2024-07-17T09:27:32.366Z", "user": null}}, {"model": "comments.contactus", "pk": 15, "fields": {"subject": "Еще одна провекра", "email": "user2@mail.ru", "text_mes": "Пришло время познакомиться с еще одним типом связей Many To Many (многие ко многим). На данный момент мы уже знаем, что она позволяет описывать взаимосвязи между множеством данных двух разных таблиц. Очень частый пример, это реализация информационных тегов для статей. Например, на нашем сайте мы можем определить теги:\r\n\r\nоскар; высокие; блондинки; брюнетки; олимпийская чемпионка\r\n\r\nИ так далее. Понятно, что с одной женщиной можно связать сразу несколько разных тегов и, наоброт, с отдельными тегами – несколько разных постов. Получается взаимосвязь многие ко многим.\r\n\r\nТэеггирование в Django уже реализовано в модуле django-taggit. И с подробной документацией можно ознакомиться на станице:\r\n\r\nhttps://django-taggit.readthedocs.io/en/latest/\r\n\r\nВообще, вначале, прежде чем делать что-либо, посмотрите, есть ли уже готовый нужный вам модуль и только после этого начинайте изобретать собственный велосипед. Надо сказать для Django разработана масса различных приложений для большинства типовых задач. Ну а мы в качестве примера самостоятельно добавим функционал теггирования на наш сайт.", "time_create": "2024-07-17T09:29:56.751Z", "user": null}}, {"model": "comments.contactus", "pk": 16, "fields": {"subject": "Проверка всплывающего сообщения", "email": "user7@mail.ru", "text_mes": "Пришло время познакомиться с еще одним типом связей Many To Many (многие ко многим). На данный момент мы уже знаем, что она позволяет описывать взаимосвязи между множеством данных двух разных таблиц. Очень частый пример, это реализация информационных тегов для статей. Например, на нашем сайте мы можем определить теги:\r\n\r\nоскар; высокие; блондинки; брюнетки; олимпийская чемпионка\r\n\r\nИ так далее. Понятно, что с одной женщиной можно связать сразу несколько разных тегов и, наоброт, с отдельными тегами – несколько разных постов. Получается взаимосвязь многие ко многим.\r\n\r\nТэеггирование в Django уже реализовано в модуле django-taggit. И с подробной документацией можно ознакомиться на станице:\r\n\r\nhttps://django-taggit.readthedocs.io/en/latest/\r\n\r\nВообще, вначале, прежде чем делать что-либо, посмотрите, есть ли уже готовый нужный вам модуль и только после этого начинайте изобретать собственный велосипед. Надо сказать для Django разработана масса различных приложений для большинства типовых задач. Ну а мы в качестве примера самостоятельно добавим функционал теггирования на наш сайт.\r\n\r\nПришло время познакомиться с еще одним типом связей Many To Many (многие ко многим). На данный момент мы уже знаем, что она позволяет описывать взаимосвязи между множеством данных двух разных таблиц. Очень частый пример, это реализация информационных тегов для статей. Например, на нашем сайте мы можем определить теги:\r\n\r\nоскар; высокие; блондинки; брюнетки; олимпийская чемпионка\r\n\r\nИ так далее. Понятно, что с одной женщиной можно связать сразу несколько разных тегов и, наоброт, с отдельными тегами – несколько разных постов. Получается взаимосвязь многие ко многим.\r\n\r\nТэеггирование в Django уже реализовано в модуле django-taggit. И с подробной документацией можно ознакомиться на станице:\r\n\r\nhttps://django-taggit.readthedocs.io/en/latest/\r\n\r\nВообще, вначале, прежде чем делать что-либо, посмотрите, есть ли уже готовый нужный вам модуль и только после этого начинайте изобретать собственный велосипед. Надо сказать для Django разработана масса различных приложений для большинства типовых задач. Ну а мы в качестве примера самостоятельно добавим функционал теггирования на наш сайт.\r\n\r\neflklerkylrk5y\r\nrgeryery\r\neryerye\r\neyeye\r\neytet\r\nПришло время познакомиться с еще одним типом связей Many To Many (многие ко многим). На данный момент мы уже знаем, что она позволяет описывать взаимосвязи между множеством данных двух разных таблиц. Очень частый пример, это реализация информационных тегов для статей. Например, на нашем сайте мы можем определить теги:\r\n\r\nоскар; высокие; блондинки; брюнетки; олимпийская чемпионка\r\n\r\nИ так далее. Понятно, что с одной женщиной можно связать сразу несколько разных тегов и, наоброт, с отдельными тегами – несколько разных постов. Получается взаимосвязь многие ко многим.\r\n\r\nТэеггирование в Django уже реализовано в модуле django-taggit. И с подробной документацией можно ознакомиться на станице:\r\n\r\nhttps://django-taggit.readthedocs.io/en/latest/\r\n\r\nВообще, вначале, прежде чем делать что-либо, посмотрите, есть ли уже готовый нужный вам модуль и только после этого начинайте изобретать собственный велосипед. Надо сказать для Django разработана масса различных приложений для большинства типовых задач. Ну а мы в качестве примера самостоятельно добавим функционал теггирования на наш сайт.", "time_create": "2024-07-17T09:31:20.075Z", "user": 1}}, {"model": "comments.contactus", "pk": 17, "fields": {"subject": "проверка на 500", "email": "user4@mail.ru", "text_mes": "уацуецуец\r\nПришло время познакомиться с еще одним типом связей Many To Many (многие ко многим). На данный момент мы уже знаем, что она позволяет описывать взаимосвязи между множеством данных двух разных таблиц. Очень частый пример, эализация информационных тегов для статей. Например, на нашем сайте мы можем определить теги:\r\n\r\nоскар; высокие; блондинки; брюнетки; олимпийская чемпионка\r\n\r\nИ так далее. Понятно, что с одной женщиной можно связать сразу несколько разных тегов и, наоброт, с отдельным", "time_create": "2024-07-17T09:35:00.349Z", "user": 1}}]